"13240","Release the Man"
"13241","Baileybots Hyena"
"13245","Hands of Metropolis"
"13250","Bus Stop"
"13252","Chessboard"
"13265","Diver UP! Mirage #2"
"13293","city time"
"13295","Pee Funnel Dispenser "
"13301","Home Away from Home"
"13304","CubePuppy"
"13308","The Heart Machine"
"13315","Mant Farm"
"13316","Flowers from Heaven"
"13317","Minaret"
"13318","Polygonia"
"13319","Monday Night Fireworks"
"13323","Doctor Megavolt, Master of Lightning"
"13325","Spire of Fire"
"13327","Zark!"
"13330","UnNatural Selection"
"13333","The Grand Flat Piano"
"13334","Cactopolis"
"13335","Malvoye the Menatlist"
"13336","CITY LIGHTS PROJECT"
"13340","Excellent Adventure"
"13341","The Crossroads"
"13342","Cactopolis (revised 3/17)"
"13343","Tensegrity Sphere ( 6 x 5 )"
"13345","Ein Hammer"
"13346","Diamond in the Sky"
"13348","Future's Past"
"13349","nucleus"
"13350","Intersection"
"13351","Luminous Passage 2010"
"13356","Nowhere 2 Nowhere"
"13357","The Stone of Rome"
"13358","EMERALD KITTY"
"13360","THE IRIS"
"13361","The Pyrosphere"
"13364","The Landmark Theater"
"13376","infinitarium"
"13380","Aeolian Pyrophonic Hall & Whispering Wall"
"13382","The Kinetic Cab Company"
"13383","The Kinetic Cab Company"
"13384","Syzygryd"
"13386","Caged Pulse Jets"
"13387","Dragon Smelter"
"13388","Ghost Train"
"13392","Towering Inferno"
"13394","Subway"
"13396","Povera Gaea"
"13397","Tiny Tropolis"
"13402","Thee Eternal Fountain"
"13403","Urb Tree Beacon"
"13408","home"
"13417","Tech. Support"
"13422","Mighty Termitey"
"13436","Balloon Chain"
"13437","LICHTPIRATEN - light pirate's ship"
"13440","Firefall"
"13442","Hindenburk"
"13461","The Cradle"
"13462","Temple of Flux"
"13467","The Bureau of Needless Bureaucracy "
"13471","MONOTROPOLIS"
"13472","MEGATROPOLIS....The Life and Death of a City"
"13492","Nothing"
"13500","Black Rock Supper Club"
"13512","Daily Planet"
"13551","Bare Humanity"
"13581","Built Environment"
"13601","City Benches"
"13624","Noxious Weed (a night blooming flower)"
"13646","First Colony"
"13668","lowRes"
"13692","Pyramid Cocoon"
"13705","Land Sharks"
"13995","Bliss Dance"
"14097","Mytropolis"
"14213","Metropolis Dome"
"14218","The Galaxitron"
"14220","Burning Chapel of Love"
"14240","UnOrchestrated"
"14246","Phoenix Rising Project"
"14285","kensho"
"14293","Celtic Forest:  IM OK"
"14294","Whisper"
"14305","The Chaotick"
"14308","Gargoyles/ Griffins  "
"14315","The Regifter"
"14322","Neverwas Haul"
"14326","Burning-Manoscope"
"14343","The Honey Trap"
"14356","Benchley"
"14358","Heart of the City"
"14364","Mind's Eye"
"14369","Bright Tree Sculpture"
"14373","Dust City Diner "
"14381","Philosophy Garden"
"14389","Audioreolae (pronounced ""audio-relay"")"
"14399","burning ring of fire"
"14403","Burning Crystals "
"14409","Farrago Gongoozler"
"14410","Helix Spire"
"14430","The Glow Reactor"
"14433","the transportal of LOVE."
"14435","celtic Forest:  OINK"
"14441","Fembot Bad Maria"
"14442","Joyism Tree"
"14443","Rotwang"
"14446","choir of the winds"
"14449","GLORB [Glo-Orb]"
"14450","Glance Floor"
"14452","metro"
"14453","Rose Circle"
"14455","Temportal X4K"
"14462","True Mirror Palace"
"14464","Santon LaVey's Lair"
"14467","The Last Flower"
"14474","The Grapestem"
"14475","City Girls"
"14482","The Dragon Labyrinth"
