T_Name,T_UNID_Project
88,12379
!Zoom!,12870
Playfully Yours,12675
R&R with Divas on the Playa,12258
7 Sins Lounge,12161
A Brand Gnu Ewe,12780
A Cavallo,13006
Above The Limit,12943
abstininthe,12317
Academy of Fools,12249
Adult SuperVision,12860
Advice Booth Camp,12430
Aftermath,12498
alQmy Camp,12649
Alternative Energy Zone Village,12190
Altitude Lounge,12565
American Steal,12823
Amphibia,12438
and then there's only LOVE...,12409
Animalia ,12672
Anonymous Village,12069
Anthony's Disco Bar & Hula Lounge,12419
anticAMP,12531
AOXOMOXOA,12354
Apocalypse Lounge,12716
APOKILIPTIKA,12370
Apres Ski Chalet,12326
AquaZone,12472
Arachnophobia,12217
Ardent Heavy Industries,12858
Arrakis,12628
Art Car Camp,12241
Asana-Mania,12980
Ascension Tribe,12671
Ashram Galactica (The Grand Hotel),12924
Astral Headwash,12420
Astral Lounge,12798
Astropups,12768
Atrium,12381
Automatic Subconscious,12923
Avant Yard,12782
B.R.A.T. Camp,12469
BaBar,12976
Bacchanal Carnival,12945
Back To Heaven,12068
Bacon Without Borders,12385
Bad Advice Bears- Devolution,12516
Bad Idea Theater,12761
Baggage Check,12829
Balyx Boutique,12387
Barbarian Camp,12184
Barbie Death Village,12001
Barbie's Death Camp,11996
Barbie's Wine Bistro,11995
Barbie's Wine Bistro,12410
Bass Camp,12991
Bat Country,12309
Bavarian Illuminati M/C Camp,12799
Big Bang Lounge,12566
Big Puffy Yellow,12990
Bike & Booze,12625
Bike Rock City,12043
Biloba Wow!,12873
Bioluminati,12165
Bioluminati,12167
Biscuit,12170
Black Rock Astronomical Society,12319
Black Rock Beacon,12975
Black Rock Boutique,12705
Black Rock Brews,12340
Black Rock Center for Unearning,12930
Black Rock City Airbrush,12665
Black Rock City Body & Paint,12163
Black Rock City Canoe Club,12458
Black Rock City Hardware Shoppe,12443
Black Rock City Post Office,12401
Black Rock City Post Office 2.0,12836
Black Rock City Public Library,12519
Black Rock City Welding And Repair,12434
Black Rock Diner,12280
Black Rock French Maid Brigade,12510
Black Rock Fun Jet Airlines,12577
Black Rock Lemonade,12268
Black Rock Roller Disco,12250
Black Rock Spatial Delivery,12812
Black Rock Travel Agency,12595
Black Rock University,12463
Black Rock Yearbook,12748
Black Rose City,12594
BLD,12560
Bloop,12644
B-man Button Camp,12086
Board-Board Camp,12634
Bob's Rainforest,12662
BOCCE BANDIS,12746
Bodymod,12437
Bonehead Beach Club,12474
Boonville Cabaret,12335
Boosh Camp:Canadian Splinter Squad,12070
Bounce!,12597
BRAIN FREEZE / GOT STICKERS CAMP,12753
Brand-UR-Ass N More,12297
Brass Tax Boombox,12306
BRC Animal Control,12593
brc bunnha camp,12826
BRC OPTICAL CAMP,12320
Breakaway Republic,13009
"Brooklyn, CA",12960
BuddhaCamp@theLotusDome,12580
Bumblepuss,12397
Burn Academy,12853
Burners Without Borders,12839
Burning Manischewitz,12874
Burning Phone Camp,11990
Burning Roadshow Camp,12670
Burning Sky,12639
BurnSecret,12592
Burntown Evolves,12504
Busted!,12270
BYB,12969
Callahan's Cross-Playa Saloon,12647
Camel Dust,12536
Camp :D,12869
Camp 11:11,12526
camp be seen,12256
Camp Beaverton,12605
Camp Bedrock,12725
Camp Caribbean,12454
Camp Cats!Cats!Cats!,12778
Camp Chillax,12311
Camp Cul-de-Sac,12586
Camp Darwin,12535
Camp Delicioso & Creperie,12769
Camp Disappointment ,12384
Camp Ellipsis,12383
Camp Fishy,12682
Camp Gallavant,12513
camp goathead,12707
Camp Gratitude,12444
Camp Here,12878
camp hookup,12810
Camp I Am,12542
Camp Incensable,12937
Camp Insex,12805
Camp Inspiratum,12541
Camp Karuna,12712
CAMP KLEPTO,12035
Camp L*(ife) E*(nhancement),12576
Camp Make Good Choices,12316
Camp Makin Bacon,12540
Camp Montage,12685
Camp Mystic,12212
Camp Narc!,12626
Camp Natural Selection,12059
Camp No Toil,12623
Camp Nomadia,12489
Camp of the Living Dead,12164
Camp Pendant,12527
Camp Photon,12621
Camp Questionmark (CAMP?),12879
Camp Shrunken Heads,12837
Camp Sietch Grabrear,12973
Camp Spectacular,12610
Camp Stella,12436
Camp Tetrion,12545
Camp Titicaca,12296
Camp Unofficial,12367
Camp Upsie Dasium,12781
Camp Validation,12757
Camp Ventana,12972
Camp Wannaburn,12189
Camp Welcome,12152
Campo Alegre,12293
Campo Santo,12863
Campoline,12572
Cantina Zipolite,12357
Carbon Dioxide Camp,12195
care-a-lot,12399
CARNIE GAMES!,12332
Cartoon Commune,12710
Castle Anomalous,12423
Celestial Bodies,12820
Center of gravity,12613
Cereal Thrillers,12614
Children of Chaos Farewell Tour,12171
Chop Shop,12523
Chrysalis,12979
Church of Respect,12031
Circus Jerk,12808
Circus Metropolus,12983
Cirque du Cliche',12301
Clevian,12787
Club Verboten,12021
Cock 'n Waffle,12131
Coffee Zombies,12158
Cohesion,12957
Comfort & Joy,13017
Conscious Monkey Clan,12232
Consensual Art Camp,12461
Contraptionists,12192
Cool Aid Oasis,12271
CoolTown,12442
Cosmic Elves,12721
Cosmic Giggle,12946
Cosmic Recess / Lustre Village,12646
CouchSurfing Camp,12506
Crackwhore Camp,12097
Crazy Horse,12543
Crown Collective,12274
CRTT (Castra Roto Thema Thematis),12830
cuddle cave,12637
Cult of Levitating Plywood,12144
Damn Fucking Texans,12573
Dancing Shaman Vibe Tribe,12986
Dark Sparkle,13015
DarWeenie Camp,12479
Darwin Fish Tank,12529
Death Guild/Thunderdome,13007
deBOCCEry,12821
Decadent Oasis ,12108
Deep Heaven,12635
Deep Psychx,12632
DeMentha,12693
Den 010,12664
Den of Iniquity,12288
Department of Pink Works DPinkW,12552
Department of Tethered Aviation ,12653
Destiny Lounge,12422
Deus Ex Detective Agency,13001
Deviant Playground,12113
Dilated Peoples Eye Spa,12533
Dirty Love Camp,12346
Disorient,12728
Dover School Board,12734
Dr Le Tawdry,12115
Dr. Carl's Dept. of Collections,12324
Dr. Fate's Potion Palace,12515
Drums on the Playa,12223
Duck Pond (I),12300
Duck Pond (II),12490
Dust City Diner ,12440
DUSTFISH,12713
Dusty Dice,12049
Dyenamic Huephoria!,12767
E.A.R.volution ,12677
Earth Tribe Gone BRZRKR,12509
Eden,12347
EE Camp: Magic Circus Band Camp,13085
El Circo and The Do Lab ,12965
Electric Barbarella,12520
Elk Lodge: Flora & Fauna,12254
Empress Rosa's Wedding Palace,12127
Energy Riders,12365
Entheon Village,12457
Equilibrium,12433
eubie lemming's dive bar,12392
Everywhere Land,12854
EVILution ~ City Of Fallen Angels,12575
evoLLLution: the Lively Loving Lot,12046
EvoLOTION,12776
Evolution #9 Cafe',12325
Evolutn Obscura@Children of Chaos,13067
Expansion Mansion,12686
Extinct Creatures,12793
Extreme Frequencies,12958
Ezh Camp,12844
F.U.N. Camp,12348
FALLOUT SHELTER,12033
"False Profit, LLC",12964
Fandango,12689
Fantasy Funhouse & Wheel of Karma,12106
Fickleodeon,12847
First Transdimensional Bank+Church,13005
Fixxxation Station,12350
Fiz Juice!,12400
Flattery Camp,12061
Free Movement Zone,12720
Free Photography Zone,12085
Free Tribe-Tantra Temple,12816
Freedom lounge,12243
freedomcommunity ,12801
FreeStyle Palace,12598
Frogma,12522
From Silks to Medicine Sticks,12060
Funky Town,12272
Furniture Car Rally Camp,12162
Fusion Valley,13011
Gallavant Goddesses and Lost Boys,12554
Ganesh's Transmutation Station,12252
Garage Mahal,12764
Garden of DeLights,12355
Garden of Hedon,12951
Gathering of the Sphere,12833
GATO,12783
Gay Rd Village,12508
Gedi Prime,12359
Gender Blender,12467
Genesis,12502
Genesis: The Creationist Bar,12466
Genetic Mutant Petting Zoo,12845
Genital Portrait Studio,12630
Get Nailed ~ Nail Painting Salon,13019
Gigsville,12666
Gnome Camp,12600
God Box,12198
goddess wish camp,12020
Golden Cafe,12999
good enough camp,12568
Great Balls of Fire & Post Office,12841
Green Shamballah Camp,13012
Gypsy Fleet,12643
Gypsy Witch Camp,12483
H.M.S. Nautitickle,12729
Hair of the Dog,12421
Hammock Hangout & RV[IP} Lounge,12699
Hang-Out,12388
Happy Camp,12864
Hardly Davidson Cafe,12358
Heaven's Ghetto,12255
HeeBeeGeeBee Healers,12286
HiLuxury,12966
Hippocampus,12551
Hokey Pokey Camp Man or Monkey,12090
Home Brew 4A Home Brew,12314
Home Free Dome,12831
Homeland InSecurity,12193
Homeslice,12599
Homeslice,12928
Honi Soit Croquet Club,12601
Hookah Homestead,12382
Hookahdome,12963
Horny Camp!,12606
HOT WHEELZ CAMP,12571
HOT WHEELZ CAMP,12947
Huevos Ranch Eros,12546
Human Frolic Project,12638
Humboldt Beauty Bar,12877
Hushville,12765
Ice-olution,13000
Idle Hands,12471
Illumination Village,12475
"I'm OK, You're OK Corral",12941
Image Node,12464
In Dust We Trust,12750
IncendiaryIntent,12105
Insomniac Cafe,12550
Interaction Cafe,12539
introspectacle,12701
Iron Rose,12485
Island of the Lost Cupcakes,12233
JellyBelly,12935
Jerk Camp,13004
Jingleheimer,13014
JOBI Playground Games,12811
Journey's,12133
Jub Jub's Plastic Circus,12803
Just Show Up Camp,11994
Kamera Sutra,12363
KAmp kaLE,12486
Kamp Kammaniwannalaya,12137
Kamp Suckie Fuckaye,12403
Kamp Suckie Fuckaye,12865
k?n'd?r,12942
Kanuckistan Research Station,12482
KaPilina,12785
Kegel Kamp and Jewelry Exchange,12538
Kentucky Fried Camp,12636
KidsVille,12088
Kimchi Camp,12450
Knarly Carnival,12124
Kostume Kult,12759
Landing Strip,12944
Lego Land,12405
Lenny Camp,12514
Leopard Martini Lounge,12532
Leopardy Lair,12708
Lil Town,12589
Liminal Labs - Amino Acid Arcade,12698
Lollipop Shot Camp,12360
Love Knot,12148
Love Potion Camp,12704
Love Puddle Playground,12511
Love to Bone,12612
LOVELUTION (II),12660
Love-U-Lopian (Tube),12852
Low-Key,13003
Lustre Village,12645
Mad Flava!,12549
Mage Camp,12596
Margarittaville,12468
Martini Village,12305
Math Camp @ Group W,12717
McMoney&Drugs,12462
Meanderthals,12709
Medusa,12771
Metamorph,12130
Midnight Poutine,12654
Midnight Ridazz,12488
Midnight Ridazz,12719
Mind Shaft Society,12373
Ministry of the Magical Mustache,12631
Miracle Fruit Camp,12797
Mischief Camp,12396
MiscreAnt Hill,12330
Mission Country Club,12445
Mohammeds Mini Martini and Erotica,12481
Moist,12950
Mondo Spider,13018
monkey camp,12992
MonkeyNutz ,12285
Monticello,12487
Moonbow Camp,12099
Moonrock,12800
Mootopia,12722
Mothers of InVENTion,12737
Mudskipper Cafe,12744
Museum of Unnatural History,12779
MUTANT ALIEN BEAUTY SPA,12136
Mutant Bikology Camp,12788
Mutant Mo's Last Chance Saloon,12418
Mutation/Creation,12676
Mystikal Misfits,12331
N.I.P.S.,12834
Naked Ninjas,12281
Nectar Village,12366
nevada barbarians,12128
New Jersey,12391
New Warrior Camp,12290
NEXUS,13008
N-Gon Fishin' 2009,12352
Nice Nice,12279
Ninjas and Beer...,12567
"non-Prophets, Discorporated",12525
Northwest Mist,12251
Nose Fish,12386
Nothing Works,12872
NYC Container Camp,12683
NYrvana Village,12758
Oasis 47,12376
Oasis Camp,12197
obno X ious,12817
Ocean's Serene,12548
Oden's Eye Apple Cider,12302
OMCC,12695
Oobleck,12807
Opulent DETH Temple,12429
Opulent Temple,12949
Otter ReEvolution #9,12939
Outpost23,12208
Overmind,12718
Pancake Playhouse,12408
Pandora's Lounge & FixIt Shoppe,12985
PANGEA,12696
Pan's Garden,12122
Papa Legba,11992
Paradise Motel,12390
Party Naked Tiki Bar,12697
Pee Funnel Camp,12166
People's Art Congress (PAC),12262
Persian Excursion,12491
Petting ZOO,12557
PEX,12569
Philadelphia Experiment Village,12574
Phoenix Circle Village,12655
PHOTOGARTHO,12329
Pi Camp,12620
Picasso Camp,12303
Pickle Joint,12289
Pickle Joint,12291
Pigamilions: Opposable Hooves,12663
Pillowasis,12687
Pink Mammoth,12618
Pixelstad,12407
Planet Earth,12378
Planet Pink,12602
Planetarium Camp,12994
Playa Del Fuego Country Club,12512
Playa Go Round,12755
Playa International,12537
Playa Jazz Cafe,12796
PLAYA MAGIC,12374
Playa Surfers,12304
Playagon,12735
PlayaMonkey's Super#1 Fun Camp,12494
Playaneer Emporium,12424
PlayaPets,12553
PLAYATART'S PARLOUR,12981
Playawastes Raider Camp,12014
Pleasair,12955
Pleasure Garden,12581
Pleasure Island ,12342
Pod of Bliss,12480
PolyParadise,12169
Poppycock,12678
Postal Telegram Office,12828
Potato Camp,12938
PPR: The Prod Pump and Rest,12641
PRESERVED IN TIME,11998
Primate Playground & BRC_GPS,12871
Primitive Technologies,12956
Primordial Swamp,12058
Pro Leisure Tour,12038
Projekteers Petri Dish,12822
Prometheatrics,12544
Psychic Taxi,12611
Punctuated Equilibrium,12933
PUREPLAYA,12730
Purple Palace Camp,12123
Pussy Hut,12827
Putt-Putt Playa,12587
PVM (Positive Vibe Movement) ,12622
Pyramid Scheme the sequel.,12804
Pyronauts Camp,12953
Quantum Beats,12977
Quixotes Presents The Man and Monkey Pub,12562
Radio Electra 89.9 FM,12159
"Random and Unnecessary Camp, The",12505
Rathskellar,12629
Rave'Ns Nest,12492
RECLINERS,12496
Red Lightning,12940
Redirection Connection,12564
Relaxomatic Plushitorium,12756
RELOVUTION,12995
Reno Housewives,12642
RevoFuckinLution,12191
rEVOLVE Your Balls,12706
RhythmWave,12724
Risa,12674
Roarax Rounge,12673
Robosapiens,12583
Robot Heart,12692
ROBOTRONIA,12261
Rock Bottom,12680
RockStar Orphans,12125
Root Society,12414
RUB A DUB,12723
Rubber Chicken Camp,12633
Rue Morgue,12073
Sacred Spaces Village,12856
Safer Sex Camp,12380
Sake Watering Hole,12815
Sakenoma,12517
Sala Of Unnamed Love,12832
Salon Soleil,12478
Samba Stilt Circus,12456
Sandbox Camp,12690
Save the Man,12967
SchweinKamp,12997
Science Vs Superstition: ChessKamp,12795
Scotch & Hop,12679
Semuta Lounge,12364
Sex Filth Avenue Boutique ,12323
Sexy Trampoline,12337
Shady Waffle,12703
Shadyvil,12658
Shaman Dome,12395
SHIFT,12740
SHIFT,12774
Shipwreck tiki Lounge,12700
Silicon Village,12855
Sin City,12590
Sin City DJ,12971
Sinister Minister,12624
Skinny Kitty Teahouse,12349
Slutgarden,12377
S'mores n Amour,12050
Snow Koan Solar,12814
Snowflake Village,12412
sober Free society,12210
Soleye,13016
Sore Nipple Camp,11993
Soulicious,12993
South of All Borders,12760
Space Camp,12824
Space Cowboys,12929
Space Elevator,12656
Space Monkey Mafia: The Theme Camp,12932
Space Virgins / Area 47,12978
Spaced Science Lab,12777
Spank the Monkey's Darwin Lounge,12726
Spanky's Village,12141
Sparkle Pony Corral,12578
Sparky's House of Phlame,12453
Spearmint Dino Bar,12230
Spider Melon Camp,12711
Spilt Milk,12503
SPIN ART CAMP,12107
Spirit Dream Interpretation Cafe,12448
Spock Mountain Research Labs,12556
Spontaneous Planning Camp,12416
Squid Row,12752
Stalker Camp,12702
STAMP CAMP,12065
Stardust Lounge,12518
StateSide Dubstep,12927
Steam Bath Project,12394
Storm Pilots,12229
Storybooks in Alleyways,12393
Sukkat Shalom,12751
Sunrise Coffee Camp,12784
SunSets,12838
Super 8 Sasquatch,12998
SuperMonkeys,12267
Surly Camp,12447
Suspended Animation,12139
Sweaty Betty's Misting Parlor,12093
Tabula Rasa,12766
Tahoe,12732
Tango'd Up In Blues,12961
taoscamp,12745
Tarwater,12173
Temple Camp,12558
Temple Of The Flying Spaghetti Monster,12584
Temple of the Hand,12775
Tequila Shack,12269
Terminal City,12055
That Bloody Camp,12657
The Boobs and the Bees,12846
The Booby Bar,12180
The Brain,12948
The Bubble Lounge,12954
The Buddha Bunny Camp,12561
The Bush,12052
The Disco Mafia,12648
The Dump,12345
The Elders,12431
The Fun Cult,12988
The Garden Chillicious,12694
The G-Spot,12974
THE HIVE/ BEECHARGE!!!,12375
The Hollywood Death Squad,12651
The Immaculate Temple of Kreation,12715
The Karma Chickens,12925
The Liquid Latex Lounge,12183
The Lost Boys,12659
The Lost Penguin Cafe,12579
The Mansonian Institute,12806
The MidNite Popcorn Palace,12368
The Modern Religion,12968
The Oakltopia Oaktopuss,12555
THE PERFECT WORLD,12607
The Phage,12731
The Poisoned Palace,12926
The Portal Patch,12987
The Red Eye,12754
The Sanctuary,13013
The Shallow End (of the gene pool),12604
The Time Colony,12484
The Tittyman Camp,12155
The Treehouse,12213
The Wander's Camp,12499
The womb,12859
Tiki Fuckos,12952
Tikidom,12931
Time of Your Life!,12857
Tissue and a Plan,12452
Tomorrows Panties,12265
ToneAge - rEvolution,12298
Toon Town Disco,12982
Tramp Stamp Camp,12530
Transformation Beyond Zion ,12934
Transmorphagon,12459
Trashistan,12524
Tree Ring Circus,12328
Tribal Thunder,12455
Trifuckta,12684
Tropical Crocodile,12501
True Mirror Palace,12039
TSUNAMI CAMP,12473
Twilight Over Atlantis,12802
Twilight Spaghetti Theatre,12129
Two Lanterns Camp,12547
UBER TUBERS,12627
UberPod,12667
Ultra Stunt Danger Academy,12619
Unintelligent Design Society,12315
Unnatural History Museum,12591
Urban Jungle,12733
VAMP CAMP,12312
VegCamp,12867
Velvet Soulmine,12284
Vibrator Repair Camp,12074
Videogasm,12868
Vietnamese Iced Coffee Camp (VICC),12477
Viking Ski Camp,12493
Vinland,12773
Virus camp,12866
Visionary Village,12970
Volcano Woshippers,12727
Voted Best Camp,12322
VW Bus Camp,12559
Wabi,12275
Want It,12843
WearYourFunkyHatPantsCamp,12294
Where's Waldo? Camp,12652
Whiskey & Whores Saloon,12996
Whiskey Lounge,13002
Whisky and Dust @ Mile High Club,12185
White Dragon Noodle Bar,12661
White Light Warrior,12739
WhiteTrashSuperstars F**K yr couch,12849
Windbinge,12406
Winterland,12411
Wishing Star,12495
World Evolution Discoasis,12668
world pece ,12019
XPAT ALIEN,12588
Yabba Dabba Dome,12413
Yellow Gorilla Lounge,12984
Yes Please,12650
Yes! Have Some,12640
YMI?,12087
YOU ARE HERE,12398
YOU KNOW YOU WANT IT WANT IT,13074
Yummy RUMInations,12842
Yurt Cafe,12989
ZanZibar Lounge & Bar,12528
Zenbobway,12791
ZOMBEEZ,12451
Zondernaam,12202
Zookeeprz Camp,12116
"???",13030
LAFer Camp,12353
L.E.D.'ers of the rEvolution,12507
Lava Lounge,12763
Kroozr $kid Nation,12809
K-Svert 106.5FM Radio and Stage,12282
kink'os,12404
Kozmik Dust,12277
Le Kafe,12786
"??",13031
